Date,Nom,Téléphone,Email,Site web,Note,Adresse,Problèmes,Message,Statut,WhatsApp
2026-06-24T22:09:41.041393+00:00,صالون الحسن,212612345678,,https://example.com,0.0,,ما عندوش زر واتساب للتواصل | ما عندوش فورم تواصل أو حجز | ما عندوش meta description للـ SEO,"السلام عليكم صالون الحسن، كنت كندور فالموقع ديالكم و لقيت ما كاينش زر واتساب باش يوصلو ليكم الزبناء بسهولة، و حتى فورم ديال التواصل أو الحجز ما كاينش.

هادشي كيخلي الزبون يحب يتصل بيكم و ما يلقاش الطريقة المناسبة.

عندي فيديو تحليل مجاني (فابور) كيوضح شنو يقدرو يزيدو باش يولي الموقع كيخدم معاهم مزيان.

إلا بغيتو نشوفو مع بعض، رد عليا و نرسلو ليكم.",failed,https://wa.me/212612345678
2026-06-24T22:14:54.360116+00:00,صالون الحسن,212665413681,,https://example.com,0.0,,ما عندوش زر واتساب للتواصل | ما عندوش فورم تواصل أو حجز | ما عندوش meta description للـ SEO,"السلام عليكم صالون الحسن، كنت كنتفرج فموقع ديالكم وعجبني الخدمة ديالكم.

لاحظت غير بلي ما كاينش زر واتساب باش يوصل ليكم الزبناء بسهولة، ولا فورم باش يحجزو أو يسولو.

درت ليكم فيديو قصير فيه تحليل مجاني كيفاش تقدرو تزيدو التواصل والحجوزات من الموقع.

إلا بغيتو نشوفو مع بعض، ردو عليا ونpartagiw الفيديو.",sent,https://wa.me/212665413681
2026-06-24T23:22:38.043725+00:00,BarberClub Agadir💈 🇲🇦,212609708775,,,5.0,"Barberclub Agadir, Ave du 29 Fevrier, Agadir 80000, Morocco",ما عندوش موقع ويب,"السلام عليكم BarberClub Agadir، كيفاش الأحوال؟
لاحظت بلي ما عندكمش موقع ويب، وهادشي كيخلّي الزبائن الجداد كيتلخبطو فاش كيبغيو يعرفو الخدمات والأسعار.
ومع ذلك، الريفيو ديالكم فـ Google Maps كيبان مزيان بزاف.
عندي فيديو تحليل مجاني (فابور) كيوريكم كيفاش تزيدو الحضور ديالكم أونلاين، واش بغيتو نشاركو معاكم؟",failed,https://wa.me/212609708775
2026-06-24T23:22:38.148133+00:00,Gold Cut Barbershop Agadir,212642297310,,,4.9,"Gold Cut, complexe souss, Rue des Souks, Agadir 80000, Morocco",ما عندوش موقع ويب,"السلام Gold Cut Barbershop Agadir، كيف دايرين؟
لقيت بلي ما عندكمش موقع ويب، والزبائن ما كايلقاوش المعلومات ديالكم بسهولة فالأنترنت.
بلا ما تكون واضح أونلاين، صعب تعرفو الخدمات والمواعيد من غير ما تمشيو للمحل.
حاب نعطيكم فيديو تحليل مجاني (فابور) على الوضع، ونعرض ليكم شنو تقدرو ديرو.",failed,https://wa.me/212642297310
2026-06-24T23:22:38.259697+00:00,The Barber Shop Agadir,212632414145,,https://thebarbershopagadir.com/,4.8,"Rue Aglou, Agadir 80000, Morocco",ما عندوش فورم تواصل أو حجز,"السلام عليكم، The Barber Shop Agadir.
دخلت للموقع ديالكم ولقيت ما كاينش فورم تواصل باش الزبناء يوصلوا ليكم مباشرة.
وحتى الحجز أونلاين ما كاينش، وهادشي كيقدر يخلي شي واحد كيحب حجز موعد يتردد شوية.
عندي فيديو تحليل مجاني (فابور) لي كيعطيكم فكرة واضحة على واش الموقع كيخدم معكم مزيان.",failed,https://wa.me/212632414145
2026-06-24T23:22:38.362177+00:00,"Salon Allure Agadir - Hair, Gel Manucure, Skin care, Hydrafacial & Barber",212602010167,,https://salonallure.ma/,4.6,"Green Plus، Immeuble Borj، Boulevard Casablanca، أگادير 80040, Morocco",ما عندوش موقع ويب أو ما قدرناش نوصلو,"السلام عليكم Salon Allure Agadir.
لاحظنا بلي ما عندكمش موقع ويب، وصعب شوية باش الناس يلقاوكم فالانترنت.
درنا ليكم فيديو تحليل مجاني فيه شنو تقدرو تديرو باش تبانو أكثر.
واش نبعث ليكم الفيديو؟",failed,https://wa.me/212602010167
2026-06-24T23:22:38.467868+00:00,Fasi barber,212775670608,,,4.8,"CC84+QXH, Agadir 80000, Morocco",ما عندوش موقع ويب,"السلام عليكم Fasi barber،
لاحظت بلي ما عندكمش موقع ويب، و هادشي كيخلي الزبناء صعيب عليهم يلقاو معلومات على الخدمات ديالكم.
عندي فيديو تحليل مجاني (فابور) كيشوف فيه شنو يمكن يتعدل باش تبانو مزيان فـ الإنترنت.
إلا بغيتو نشوفوه مع بعض، بلغوني و نرسلوه ليكم بلا أي التزام.",failed,https://wa.me/212775670608
2026-06-26T18:48:59.119723+00:00,École Privée Al Amal,212528852946,,,0.0,"Taroudant, Morocco",ما عندوش موقع ويب,"السلام عليكم، École Privée Al Amal،
كنشوف البروفايل ديالكم ولقيت بلا موقع ويب، وصعب شوية على الأولياء يلقاو معلومات واضحة على المدرسة فالأنترنت.
عندي فيديو تحليل مجاني كيوري شنو يمكن يتحسن باش تبانوا مزيان للي كيبغي يعرف عليكم.
إلا بغيتوا نعطيكم الرابط، گولو ليا و نرسلو ليكم.",failed,https://wa.me/212528852946
2026-06-26T18:48:59.225395+00:00,مؤسسة إقرأ التربوية للتعليم المدرسي الخصوصي,212528854004,,,4.1,"F47G+H9Q, Taroudant, Morocco",ما عندوش موقع ويب,"السلام عليكم، واش هادي ""مؤسسة إقرأ التربوية للتعليم المدرسي الخصوصي""؟
لاحظت بلي ماعندكمش موقع ويب، وبالتالي الوليين كيبقاو صعب عليهم يلقاوكم ويعرفو الخدمات ديالكم.
درت فيديو قصير كيفاش تقدرو تحسنو هاد الجوانب، وفابور بلا مقابل.
إلا بغيتو نشوفوه مع بعض نرسلو ليكم براحتكم.",failed,https://wa.me/212528854004
2026-06-26T18:48:59.315212+00:00,Ecole Privée Al-Maari | مؤسسة المعري للتربية والتعليم الخصوصي,,,,0.0,"83000, Taroudant, Morocco",ما عندوش موقع ويب,"السلام عليكم، Ecole Privée Al-Maari | مؤسسة المعري للتربية والتعليم الخصوصي.
لاحظنا بلي ما عندكمش موقع ويب، وهادشي كيخلي الأولياء ما يلقوش المعلومات ديالكم بسهولة فالإنترنت.
كتبقاو غير معتمدين على التليفون والسمعة، بينما الناس كتقلب على المدارس الخاصة أونلاين.
عندنا فيديو تحليل مجاني كيوريكم شنو تقدروا تديروا، واش حابين نرسلو ليكم؟",failed,
2026-06-26T18:48:59.440688+00:00,School Bounouni,,,,0.0,"F4GQ+622, Taroudant, Morocco",ما عندوش موقع ويب,"السلام عليكم، School Bounouni
لاحظنا بلي ما عندكمش موقع ويب، وصعيب على الناس يلقاو المعلومات ديالكم فالإنترنت بسهولة.
راه كثير من التلاميذ والوليين كيبغيو يتأكدو قبل ما يتصContactو.
دارت فيديو تحليل مجاني باش نشوفو شنو يقدro يتحسن، وإلا بغيتو نرسلو ليكم.",failed,
2026-06-26T18:48:59.592551+00:00,School Group Omega,212528855329,,,0.0,"F475+V3F, P1708, Taroudant, Morocco",ما عندوش موقع ويب,"Salam 3likom، معاكم من School Group Omega؟
لاحظت بلي ما عندكمش موقع ويب، وبالتالي الناس كيصعبو يتعرفو عليكم من الإنترنت.
هادشي كيخلي أولياء الأمور ما يلقاوش بسهولة المعلومات ديال المدرسة والخدمات.
عندي فيديو تحليل مجاني (فابور) كيعطي أفكار باش تبانو أحسن أونلاين، إلا بغيتو نرسلو ليكم.",failed,https://wa.me/212528855329
2026-06-26T18:48:59.975505+00:00,Institution Enigma Private,212626102452,,,0.0,"464, Taroudant, Morocco",ما عندوش موقع ويب,"السلام عليكم، Institution Enigma Private.
لاحظت أنكم ما عندكمش موقع ويب، و هادشي كيخليكم مكيبانوش مزيان فـ l'online.
فاش كيبغي واحد يتعرف على المؤسسة ديالكم، كيكون صعيب عليه يلقى المعلومات بسهولة.
عندي فيديو تحليل مجاني (فابور) على وضعيتكم الرقمية، واش نرسلو ليكم؟",failed,https://wa.me/212626102452
2026-06-26T18:49:00.140919+00:00,Ecole Privée Tarik 2,212661993985,,,0.0,"F4FC+GXF, Av. Brahim Roudani, Taroudant 83000, Morocco",ما عندوش موقع ويب,"السلام عليكم، معكم من Ecole Privée Tarik 2.
لقينا بلي ما عندكمش موقع ويب، و هادشي كيخلّي الأسر ما يلقاوش بسهولة المعلومات على التسجيل و البرنامج فالنت.
كنقدمو ليكم فيديو تحليل مجاني فابور باش نشوفو معكم كيفاش تكمّلو حضور المدرسة أونلاين.
إلى بغيتو الفيديو، غير قولو لينا و كنرسلو ليكم.",failed,https://wa.me/212661993985
2026-06-26T18:49:00.234818+00:00,School Al Mansour Dahbi,,,,0.0,"F4HJ+2M3, Taroudant, Morocco",ما عندوش موقع ويب,"السلام، School Al Mansour Dahbi.
لقينا بلي ma 3ndkomch site web، و hadchi kaykhlli bzzaf d lbarents ma yl9awch l'école mzyan f l'internet.
W bla page واضحة، l'ma3lomat dyal l'madrasa ma kaytjam3ouch f blasa wa7da، و hadchi kay'eti l'image f google.
Ilak t'bghaw، ghadi n'siftou likom vidéo ta7lil fabor باش tchoufo chno ymken y't7ssn، bla ma tkounou khasskom t'payiw walo.",failed,
2026-06-26T18:49:00.415218+00:00,Institution Gold Number,212620069844,,,0.0,"F4F8+347, Av. 20 Août, Taroudant, Morocco",ما عندوش موقع ويب,"السلام Institution Gold Number،
لاحظنا بلي ما عندكمش موقع ويب، والزبناء كيصعبو عليهم يلقاوكم فـ الانترنت.
عندنا فيديو تحليل مجاني (فابور) كنشرحو فيه واش كاين حل باش تكونوا موجودين بشكل احسن.
إلا بغيتو نشوفو مع بعض، ردو عليا.",failed,https://wa.me/212620069844
