business_name,phone,email,website,rating,address,problems_found,message_sent,status,created_at
BarberClub Agadir💈 🇲🇦,212609708775,,,5,"Barberclub Agadir, Ave du 29 Fevrier, Agadir 80000, Morocco",,,new,2026-06-24T23:22:38.043725
Gold Cut Barbershop Agadir,212642297310,,,4.9,"Gold Cut, complexe souss, Rue des Souks, Agadir 80000, Morocco",,,new,2026-06-24T23:22:38.148133
The Barber Shop Agadir,212632414145,,https://thebarbershopagadir.com/,4.8,"Rue Aglou, Agadir 80000, Morocco",,,new,2026-06-24T23:22:38.259697
"Salon Allure Agadir - Hair, Gel Manucure, Skin care, Hydrafacial & Barber",212602010167,,https://salonallure.ma/,4.6,"Green Plus، Immeuble Borj، Boulevard Casablanca، أگادير 80040, Morocco",,,new,2026-06-24T23:22:38.362177
Fasi barber,212775670608,,,4.8,"CC84+QXH, Agadir 80000, Morocco",,,new,2026-06-24T23:22:38.467868
مؤسسة إقرأ التربوية للتعليم المدرسي الخصوصي,212528854004,,,4.1,"F47G+H9Q, Taroudant, Morocco",,,new,2026-06-26T18:44:47.123383+00:00
École Privée Al Amal,212528852946,,,0,"Taroudant, Morocco",,,new,2026-06-26T18:44:47.243382+00:00
Campus Science Health Private - Cssp,212528852846,,,0,"Bab lakhmiss à côté de Sigma, Taroudant 83000, Morocco",,,new,2026-06-26T18:44:47.364868+00:00
Private School Tarik 1,,,,0,"F49F+GPH, Taroudant, Morocco",,,new,2026-06-26T18:44:47.507270+00:00
Ecole Privée Tarik 2,212661993985,,,0,"F4FC+GXF, Av. Brahim Roudani, Taroudant 83000, Morocco",,,new,2026-06-26T18:44:47.616862+00:00
Ecole Privée Al-Maari | مؤسسة المعري للتربية والتعليم الخصوصي,,,,0,"83000, Taroudant, Morocco",,,new,2026-06-26T18:44:47.711016+00:00
Groupe scolaire Bononi,212528850202,,https://groupescolairebononi.com/,0,"F4GQ+52J, Taroudant, Morocco",,,new,2026-06-26T18:44:48.046674+00:00
Institution Enigma Private,212626102452,,,0,"464, Taroudant, Morocco",,,new,2026-06-26T18:44:48.160975+00:00
Institution Enigma Privée,212626102452,,,0,"حي اقنيس بلوك 3 امام نادي الواحة الرياضي قرب مركز, الشرطة, Taroudant 83000, Morocco",,,new,2026-06-26T18:44:48.267240+00:00
School Bounouni,,,,0,"F4GQ+622, Taroudant, Morocco",,,new,2026-06-26T18:44:48.380497+00:00
School Sabil,,,,0,"Taroudant, Morocco",,,new,2026-06-26T18:44:48.484128+00:00
Ecole Nationale Supérieure de l'Intelligence Artificielle et Sciences des Données,,,http://ensiasd.uiz.ac.ma/,4.8,"F4VM+7CW, Taroudant, Morocco",,,new,2026-06-26T18:44:48.610554+00:00
École privée Al Amal,,,,0,"F4CC+V77 École privée Al Amal, Taroudant, Morocco",,,new,2026-06-26T18:44:48.711927+00:00
Pigier,212528853203,,,0,"82 Bd 20 Août, Taroudant, Morocco",,,new,2026-06-26T18:44:48.806550+00:00
مركز عكاض للتعليم,212660726248,,,0,"عمارة سارة, Taroudant 83000, Morocco",,,new,2026-06-26T18:44:48.934224+00:00
School Group Omega,212528855329,,,0,"F475+V3F, P1708, Taroudant, Morocco",,,new,2026-06-26T18:44:49.025339+00:00
مؤسسة إقرأ التربوية للتعليم المدرسي الخصوصي,212528854004,,,4.1,"F47G+H9Q, Taroudant, Morocco",,,new,2026-06-26T18:46:29.376646+00:00
École Privée Al Amal,212528852946,,,0,"Taroudant, Morocco",,,new,2026-06-26T18:46:29.471194+00:00
Private School Tarik 1,,,,0,"F49F+GPH, Taroudant, Morocco",,,new,2026-06-26T18:46:29.561094+00:00
Ecole Privée Al-Maari | مؤسسة المعري للتربية والتعليم الخصوصي,,,,0,"83000, Taroudant, Morocco",,,new,2026-06-26T18:46:29.639715+00:00
Ecole Privée Tarik 2,212661993985,,,0,"F4FC+GXF, Av. Brahim Roudani, Taroudant 83000, Morocco",,,new,2026-06-26T18:46:29.719440+00:00
School Bounouni,,,,0,"F4GQ+622, Taroudant, Morocco",,,new,2026-06-26T18:46:29.800731+00:00
Campus Science Health Private - Cssp,212528852846,,,0,"Bab lakhmiss à côté de Sigma, Taroudant 83000, Morocco",,,new,2026-06-26T18:46:29.886557+00:00
Groupe scolaire Bononi,212528850202,,https://groupescolairebononi.com/,0,"F4GQ+52J, Taroudant, Morocco",,,new,2026-06-26T18:46:29.963279+00:00
Institution Enigma Private,212626102452,,,0,"464, Taroudant, Morocco",,,new,2026-06-26T18:46:30.038852+00:00
School Sabil,,,,0,"Taroudant, Morocco",,,new,2026-06-26T18:46:30.117927+00:00
Institution Enigma Privée,212626102452,,,0,"حي اقنيس بلوك 3 امام نادي الواحة الرياضي قرب مركز, الشرطة, Taroudant 83000, Morocco",,,new,2026-06-26T18:46:30.199563+00:00
École Privée Al Amal,212528852946,,,0,"Taroudant, Morocco",,,new,2026-06-26T18:48:19.511252+00:00
مؤسسة إقرأ التربوية للتعليم المدرسي الخصوصي,212528854004,,,4.1,"F47G+H9Q, Taroudant, Morocco",,,new,2026-06-26T18:48:19.625315+00:00
Ecole Privée Al-Maari | مؤسسة المعري للتربية والتعليم الخصوصي,,,,0,"83000, Taroudant, Morocco",,,new,2026-06-26T18:48:19.738380+00:00
School Bounouni,,,,0,"F4GQ+622, Taroudant, Morocco",,,new,2026-06-26T18:48:19.847149+00:00
School Group Omega,212528855329,,,0,"F475+V3F, P1708, Taroudant, Morocco",,,new,2026-06-26T18:48:19.955711+00:00
École Privée Al Amal,212528852946,,,0,"Taroudant, Morocco",,,new,2026-06-26T18:48:59.119723+00:00
مؤسسة إقرأ التربوية للتعليم المدرسي الخصوصي,212528854004,,,4.1,"F47G+H9Q, Taroudant, Morocco",,,new,2026-06-26T18:48:59.225395+00:00
Ecole Privée Al-Maari | مؤسسة المعري للتربية والتعليم الخصوصي,,,,0,"83000, Taroudant, Morocco",,,new,2026-06-26T18:48:59.315212+00:00
School Bounouni,,,,0,"F4GQ+622, Taroudant, Morocco",,,new,2026-06-26T18:48:59.440688+00:00
School Group Omega,212528855329,,,0,"F475+V3F, P1708, Taroudant, Morocco",,,new,2026-06-26T18:48:59.592551+00:00
Institution Enigma Private,212626102452,,,0,"464, Taroudant, Morocco",,,new,2026-06-26T18:48:59.975505+00:00
Ecole Privée Tarik 2,212661993985,,,0,"F4FC+GXF, Av. Brahim Roudani, Taroudant 83000, Morocco",,,new,2026-06-26T18:49:00.140919+00:00
School Al Mansour Dahbi,,,,0,"F4HJ+2M3, Taroudant, Morocco",,,new,2026-06-26T18:49:00.234818+00:00
Institution Enigma Privée,212626102452,,,0,"حي اقنيس بلوك 3 امام نادي الواحة الرياضي قرب مركز, الشرطة, Taroudant 83000, Morocco",,,new,2026-06-26T18:49:00.321875+00:00
Institution Gold Number,212620069844,,,0,"F4F8+347, Av. 20 Août, Taroudant, Morocco",,,new,2026-06-26T18:49:00.415218+00:00
"Private School Maria Taddart : Crèche, Poussins, Maternelle",212528826158,,http://ecolemaria.com/,4.8,"Taddart II Villa، Agadir 80000, Morocco",,,new,2026-06-27T21:58:29.946418+00:00
Cned Agadir Excellentia Academy,212607565743,,https://excellentiacademy.com/,4.8,"N°2 Rue 443, Agadir 80000, Morocco",,,new,2026-06-27T21:58:30.020133+00:00
Ecole Al Hanane Agadir,212528226700,,http://www.alhanane1.com/,0,"Institution Al Hanane 1 privée, ANnoir Souss, Agadir 80000, Morocco",,,new,2026-06-27T21:58:30.097863+00:00
École Maria Privée,212528826326,,http://ecolemaria.com/,0,"Illigh Lot 463، Agadir 80000, Morocco",,,new,2026-06-27T21:58:30.180259+00:00
School Chahine Privé مؤسسة شاهين,,,https://ecole.center/wp/ecole-privee-chahine/,0,"CCF8+F27, Agadir 80000, Morocco",,,new,2026-06-27T21:58:30.263042+00:00
Hespa Haute Ecole De Sante Privee D'agadir,212528826262,,http://www.hespa.ma/,5,"Appt. A4, A5, A6 Imm HAMRIA, Av ALMOUKAWAMA, Agadir 80000, Morocco",,,new,2026-06-27T21:58:30.348329+00:00
School Group Le Defi,212528214384,,,0,"Cité administrative, barreau Est Ouest derrière, Appeal Court of Agadir, Agadir 80000, Morocco",,,new,2026-06-27T21:58:30.426798+00:00
School Jocelyne Private,212528844612,,,4.2,"CCC7+X96, Agadir 80000, Morocco",,,new,2026-06-27T21:58:30.504591+00:00
Groupe Scolaire Denis Diderot,212528211333,,https://www.gsd-diderot.com/,0,"Avenue Errachidia n° 2، Agadir 80000, Morocco",,,new,2026-06-27T21:58:30.578969+00:00
School Les Arcs Private,212528321196,,,4.5,"CF36+5MC, Agadir 80000, Morocco",,,new,2026-06-27T21:58:30.667241+00:00
École Azzahrae Privée,212528321880,,https://institutionazahrae.com/,0,"9CWX+5PJ, Agadir 80000, Morocco",,,new,2026-06-27T21:58:30.754326+00:00
Groupe Universitaire Prive des ecoles superieures ( GUES ),212661550930,,,3.1,"CCF5+FRJ, Ave du 29 Fevrier, Agadir 80000, Morocco",,,new,2026-06-27T21:58:30.833746+00:00
Institution Les Iris,212528320909,,,4.2,"passage n°2, N°26, Agadir 80070, Morocco",,,new,2026-06-27T21:58:30.915124+00:00
School Annour Private,212528228724,,,0,"École Enour privé, Agadir 80000, Morocco",,,new,2026-06-27T21:58:30.994047+00:00
School Gauthier,212528211761,,http://www.ecolegauthier.com/,0,"Lot O42, Quartier Sonaba، Agadir 80000, Morocco",,,new,2026-06-27T21:58:31.074731+00:00
Amale Private School,212528322999,,https://ecole.center/wp/ecole-privee-amale/,0,"Hay El Houda F5، Agadir 80000, Morocco",,,new,2026-06-27T21:58:31.149978+00:00
Institution Al Balagha,212528281763,,,0,"Agadir 80000, Morocco",,,new,2026-06-27T21:58:31.229325+00:00
School Rokaya,212652888579,,,0,"80030, Agadir 80000, Morocco",,,new,2026-06-27T21:58:31.304546+00:00
Cned Agadir Centre Eureka,212528824651,,https://centre-eureka.net/,4.6,"Bam، أگادير 80000, Morocco",,,new,2026-06-27T21:58:31.381592+00:00
Institution Anna Privée,212808593401,,,3.5,"rue 823, angle AV abderrahmane alhoudaygui et, Av. Omar Al Mokhtar, Agadir 80000, Morocco",,,new,2026-06-27T21:58:31.458303+00:00
École Maria Privée,212528826326,,http://ecolemaria.com/,0,"Illigh Lot 463، Agadir 80000, Morocco",,,new,2026-06-27T21:58:49.294105+00:00
"Private School Maria Taddart : Crèche, Poussins, Maternelle",212528826158,,http://ecolemaria.com/,4.8,"Taddart II Villa، Agadir 80000, Morocco",,,new,2026-06-27T21:58:49.445569+00:00
School Chahine Privé مؤسسة شاهين,,,https://ecole.center/wp/ecole-privee-chahine/,0,"CCF8+F27, Agadir 80000, Morocco",,,new,2026-06-27T21:58:49.576236+00:00
Cned Agadir Excellentia Academy,212607565743,,https://excellentiacademy.com/,4.8,"N°2 Rue 443, Agadir 80000, Morocco",,,new,2026-06-27T21:58:49.911442+00:00
El Kati Private,212774512611,,,5,"63 Av. Mohamed El Fassi, Agadir 80000, Morocco",,,new,2026-06-27T21:58:50.007330+00:00
School Les Arcs Private,212528321196,,,4.5,"CF36+5MC, Agadir 80000, Morocco",,,new,2026-06-27T21:58:50.087028+00:00
Institution Anna Privée,212808593401,,,3.5,"rue 823, angle AV abderrahmane alhoudaygui et, Av. Omar Al Mokhtar, Agadir 80000, Morocco",,,new,2026-06-27T21:58:50.174224+00:00
Institution Abadila Najah,212528229830,,,0,"CCHG+VG2, Rue 448, Agadir 80000, Morocco",,,new,2026-06-27T21:58:50.295198+00:00
Ecole Al Hanane Agadir,212528226700,,http://www.alhanane1.com/,0,"Institution Al Hanane 1 privée, ANnoir Souss, Agadir 80000, Morocco",,,new,2026-06-27T21:58:50.374860+00:00
Institution Aboulmajd,212528239095,,,4.7,"CC8X+G8M, Av. Ahmed Al Mansour Dahbi, Agadir 80000, Morocco",,,new,2026-06-27T21:58:50.466512+00:00
Ecole Paul Signac Privée,212528212020,,https://ecolemaroc.com/ecole-privee-paul-signac/,0,"80000, Agadir 80000, Morocco",,,new,2026-06-27T21:58:50.557681+00:00
L’Université Privée de la Santé et des Sciences d’Agadir UPSSA,212666548626,,http://upssa.ac.ma/,4,"Agadir 80000, Morocco",,,new,2026-06-27T21:58:50.651619+00:00
School Maria Middle School High School,212528843436,,,0,"Lot 241،, Quartier illigh, Agadir 80000, Morocco",,,new,2026-06-27T21:58:50.740467+00:00
Institution Les Iris,212528320909,,,4.2,"passage n°2, N°26, Agadir 80070, Morocco",,,new,2026-06-27T21:58:50.822599+00:00
Cned Agadir Centre Eureka,212528824651,,https://centre-eureka.net/,4.6,"Bam، أگادير 80000, Morocco",,,new,2026-06-27T21:58:50.901886+00:00
Institution Al Imam Al Kastalani Al Farha,212528229052,,https://www.iik.ma/,0,"Cité AL FARHA IHCHACH – AGADIR B.P.1271, Agadir 80070, Morocco",,,new,2026-06-27T21:58:50.990698+00:00
Groupe Scolaire Denis Diderot,212528211333,,https://www.gsd-diderot.com/,0,"Avenue Errachidia n° 2، Agadir 80000, Morocco",,,new,2026-06-27T21:58:51.072658+00:00
School Group Le Defi,212528214384,,,0,"Cité administrative, barreau Est Ouest derrière, Appeal Court of Agadir, Agadir 80000, Morocco",,,new,2026-06-27T21:58:51.149688+00:00
School Annour Private,212528228724,,,0,"École Enour privé, Agadir 80000, Morocco",,,new,2026-06-27T21:58:51.226437+00:00
British Bright College,,,,5,"CC7H+RWH, Ave Abderrahim Bouabid, Agadir 80000, Morocco",,,new,2026-06-27T21:58:51.306163+00:00
"Private School Maria Taddart : Crèche, Poussins, Maternelle",212528826158,,http://ecolemaria.com/,4.8,"Taddart II Villa، Agadir 80000, Morocco",,,new,2026-06-27T21:59:05.274242+00:00
Cned Agadir Excellentia Academy,212607565743,,https://excellentiacademy.com/,4.8,"N°2 Rue 443, Agadir 80000, Morocco",,,new,2026-06-27T21:59:05.349459+00:00
Ecole Al Hanane Agadir,212528226700,,http://www.alhanane1.com/,0,"Institution Al Hanane 1 privée, ANnoir Souss, Agadir 80000, Morocco",,,new,2026-06-27T21:59:05.424721+00:00
School Jocelyne Private,212528844612,,,4.2,"CCC7+X96, Agadir 80000, Morocco",,,new,2026-06-27T21:59:05.501384+00:00
Labib Academie Prive Agadir,212706059952,,https://labib.academy/,4.9,"Av Tetouan, 1er Etage, N24, Agadir 80000, Morocco",,,new,2026-06-27T21:59:05.606855+00:00
School Chahine Privé مؤسسة شاهين,,,https://ecole.center/wp/ecole-privee-chahine/,0,"CCF8+F27, Agadir 80000, Morocco",,,new,2026-06-27T21:59:05.684147+00:00
School Les Arcs Private,212528321196,,,4.5,"CF36+5MC, Agadir 80000, Morocco",,,new,2026-06-27T21:59:05.763749+00:00
Hespa Haute Ecole De Sante Privee D'agadir,212528826262,,http://www.hespa.ma/,5,"Appt. A4, A5, A6 Imm HAMRIA, Av ALMOUKAWAMA, Agadir 80000, Morocco",,,new,2026-06-27T21:59:05.838513+00:00
École Maria Privée,212528826326,,http://ecolemaria.com/,0,"Illigh Lot 463، Agadir 80000, Morocco",,,new,2026-06-27T21:59:05.914997+00:00
École Azzahrae Privée,212528321880,,https://institutionazahrae.com/,0,"9CWX+5PJ, Agadir 80000, Morocco",,,new,2026-06-27T21:59:05.994468+00:00
School Group Le Defi,212528214384,,,0,"Cité administrative, barreau Est Ouest derrière, Appeal Court of Agadir, Agadir 80000, Morocco",,,new,2026-06-27T21:59:06.071521+00:00
Institution Anna Privée,212808593401,,,3.5,"rue 823, angle AV abderrahmane alhoudaygui et, Av. Omar Al Mokhtar, Agadir 80000, Morocco",,,new,2026-06-27T21:59:06.153170+00:00
Institution Les Iris,212528320909,,,4.2,"passage n°2, N°26, Agadir 80070, Morocco",,,new,2026-06-27T21:59:06.232511+00:00
Groupe Scolaire Denis Diderot,212528211333,,https://www.gsd-diderot.com/,0,"Avenue Errachidia n° 2، Agadir 80000, Morocco",,,new,2026-06-27T21:59:06.317317+00:00
Groupe Universitaire Prive des ecoles superieures ( GUES ),212661550930,,,3.1,"CCF5+FRJ, Ave du 29 Fevrier, Agadir 80000, Morocco",,,new,2026-06-27T21:59:06.389192+00:00
Cned Agadir Centre Eureka,212528824651,,https://centre-eureka.net/,4.6,"Bam، أگادير 80000, Morocco",,,new,2026-06-27T21:59:06.476855+00:00
Groupe scolaire MIRAI,212528225353,,,0,"CC7G+37H, Agadir 80000, Morocco",,,new,2026-06-27T21:59:06.561310+00:00
Institution Al Balagha,212528281763,,,0,"Agadir 80000, Morocco",,,new,2026-06-27T21:59:06.638435+00:00
Amale Private School,212528322999,,https://ecole.center/wp/ecole-privee-amale/,0,"Hay El Houda F5، Agadir 80000, Morocco",,,new,2026-06-27T21:59:06.715395+00:00
Institution Aboulmajd,212528239095,,,4.7,"CC8X+G8M, Av. Ahmed Al Mansour Dahbi, Agadir 80000, Morocco",,,new,2026-06-27T21:59:06.789645+00:00
Cned Agadir Centre Eureka,212528824651,,https://centre-eureka.net/,4.6,"Bam، أگادير 80000, Morocco",,,new,2026-06-27T21:59:23.422848+00:00
School Annour Private,212528228724,,,0,"École Enour privé, Agadir 80000, Morocco",,,new,2026-06-27T21:59:23.504633+00:00
School Chahine Privé مؤسسة شاهين,,,https://ecole.center/wp/ecole-privee-chahine/,0,"CCF8+F27, Agadir 80000, Morocco",,,new,2026-06-27T21:59:23.579251+00:00
"Private School Maria Taddart : Crèche, Poussins, Maternelle",212528826158,,http://ecolemaria.com/,4.8,"Taddart II Villa، Agadir 80000, Morocco",,,new,2026-06-27T21:59:23.661232+00:00
Institution Al Balagha,212528281763,,,0,"Agadir 80000, Morocco",,,new,2026-06-27T21:59:23.739053+00:00
Ecole Al Hanane Agadir,212528226700,,http://www.alhanane1.com/,0,"Institution Al Hanane 1 privée, ANnoir Souss, Agadir 80000, Morocco",,,new,2026-06-27T21:59:23.819669+00:00
Abigate school,212528236293,,,0,"FA 37 Bloc 19, Agadir 80000, Morocco",,,new,2026-06-27T21:59:23.914624+00:00
Soutien Scolaire Agadir Sos Réussite Scolaire,212607565743,,http://sosreussitescolaire.com/,5,"24 rue 441, Agadir 80000, Morocco",,,new,2026-06-27T21:59:24.007556+00:00
Smart School,212528231611,,https://m.facebook.com/SmartSchoolGS/,0,"École, Agadir 80080, Morocco",,,new,2026-06-27T21:59:24.095356+00:00
École privée MIMOSANA,212528222156,,,0,"CF24+Q46, Agadir 80000, Morocco",,,new,2026-06-27T21:59:24.176997+00:00
Center Tutoring Al Batwar,212660984915,,https://www.soutien-scolaire-agadir.ma/,5,"16 Rue de Fes, Agadir 80020, Morocco",,,new,2026-06-27T21:59:24.268626+00:00
Groupe scolaire MIRAI,212528225353,,,0,"CC7G+37H, Agadir 80000, Morocco",,,new,2026-06-27T21:59:24.342786+00:00
École Azzahrae Privée,212528321880,,https://institutionazahrae.com/,0,"9CWX+5PJ, Agadir 80000, Morocco",,,new,2026-06-27T21:59:24.419105+00:00
Ayour School Privee Agadir,212528226620,,,0,"25,Rue Alikhlas,Lot 381 Hay, Agadir 80000, Morocco",,,new,2026-06-27T21:59:24.519690+00:00
Mounib Private School,,,,0,"Ecole Privée Mounib, Agadir 80000, Morocco",,,new,2026-06-27T21:59:24.615346+00:00
Institution Anass Al Qods - مؤسسة أنس القدس الخصوصية,212528214192,,,0,"N°76 Bloc A2 Cité Al Qods Dakhla, Agadir 80000, Morocco",,,new,2026-06-27T21:59:24.709384+00:00
School Group Le Defi,212528214384,,,0,"Cité administrative, barreau Est Ouest derrière, Appeal Court of Agadir, Agadir 80000, Morocco",,,new,2026-06-27T21:59:24.792307+00:00
مدرسة أمالي الخاصة,,,,0,"أنزا العليا،، F957+R2W, Agadir 80000, Morocco",,,new,2026-06-27T21:59:24.881777+00:00
Institution Al Inbiaat Private,212528227579,,http://www.inbiaat.com/,0,"Cité AlQods, Rue Isli, Agadir 80000, Morocco",,,new,2026-06-27T21:59:24.967653+00:00
École Intégrale,212614340315,,https://www.facebook.com/ecoleintegraleagadir/,0,"Agadir 80000, Morocco",,,new,2026-06-27T21:59:25.050726+00:00
"Private School Maria Taddart : Crèche, Poussins, Maternelle",212528826158,,http://ecolemaria.com/,4.8,"Taddart II Villa، Agadir 80000, Morocco",,,new,2026-06-27T21:58:29.946418+00:00
Cned Agadir Excellentia Academy,212607565743,,https://excellentiacademy.com/,4.8,"N°2 Rue 443, Agadir 80000, Morocco",,,new,2026-06-27T21:58:30.020133+00:00
Ecole Al Hanane Agadir,212528226700,,http://www.alhanane1.com/,0,"Institution Al Hanane 1 privée, ANnoir Souss, Agadir 80000, Morocco",,,new,2026-06-27T21:58:30.097863+00:00
École Maria Privée,212528826326,,http://ecolemaria.com/,0,"Illigh Lot 463، Agadir 80000, Morocco",,,new,2026-06-27T21:58:30.180259+00:00
School Chahine Privé مؤسسة شاهين,,,https://ecole.center/wp/ecole-privee-chahine/,0,"CCF8+F27, Agadir 80000, Morocco",,,new,2026-06-27T21:58:30.263042+00:00
Hespa Haute Ecole De Sante Privee D'agadir,212528826262,,http://www.hespa.ma/,5,"Appt. A4, A5, A6 Imm HAMRIA, Av ALMOUKAWAMA, Agadir 80000, Morocco",,,new,2026-06-27T21:58:30.348329+00:00
School Group Le Defi,212528214384,,,0,"Cité administrative, barreau Est Ouest derrière, Appeal Court of Agadir, Agadir 80000, Morocco",,,new,2026-06-27T21:58:30.426798+00:00
School Jocelyne Private,212528844612,,,4.2,"CCC7+X96, Agadir 80000, Morocco",,,new,2026-06-27T21:58:30.504591+00:00
Groupe Scolaire Denis Diderot,212528211333,,https://www.gsd-diderot.com/,0,"Avenue Errachidia n° 2، Agadir 80000, Morocco",,,new,2026-06-27T21:58:30.578969+00:00
School Les Arcs Private,212528321196,,,4.5,"CF36+5MC, Agadir 80000, Morocco",,,new,2026-06-27T21:58:30.667241+00:00
École Azzahrae Privée,212528321880,,https://institutionazahrae.com/,0,"9CWX+5PJ, Agadir 80000, Morocco",,,new,2026-06-27T21:58:30.754326+00:00
Groupe Universitaire Prive des ecoles superieures ( GUES ),212661550930,,,3.1,"CCF5+FRJ, Ave du 29 Fevrier, Agadir 80000, Morocco",,,new,2026-06-27T21:58:30.833746+00:00
Institution Les Iris,212528320909,,,4.2,"passage n°2, N°26, Agadir 80070, Morocco",,,new,2026-06-27T21:58:30.915124+00:00
School Annour Private,212528228724,,,0,"École Enour privé, Agadir 80000, Morocco",,,new,2026-06-27T21:58:30.994047+00:00
School Gauthier,212528211761,,http://www.ecolegauthier.com/,0,"Lot O42, Quartier Sonaba، Agadir 80000, Morocco",,,new,2026-06-27T21:58:31.074731+00:00
Amale Private School,212528322999,,https://ecole.center/wp/ecole-privee-amale/,0,"Hay El Houda F5، Agadir 80000, Morocco",,,new,2026-06-27T21:58:31.149978+00:00
Institution Al Balagha,212528281763,,,0,"Agadir 80000, Morocco",,,new,2026-06-27T21:58:31.229325+00:00
School Rokaya,212652888579,,,0,"80030, Agadir 80000, Morocco",,,new,2026-06-27T21:58:31.304546+00:00
Cned Agadir Centre Eureka,212528824651,,https://centre-eureka.net/,4.6,"Bam، أگادير 80000, Morocco",,,new,2026-06-27T21:58:31.381592+00:00
Institution Anna Privée,212808593401,,,3.5,"rue 823, angle AV abderrahmane alhoudaygui et, Av. Omar Al Mokhtar, Agadir 80000, Morocco",,,new,2026-06-27T21:58:31.458303+00:00
El Kati Private,212774512611,,,5,"63 Av. Mohamed El Fassi, Agadir 80000, Morocco",,,new,2026-06-27T21:58:50.007330+00:00
Institution Abadila Najah,212528229830,,,0,"CCHG+VG2, Rue 448, Agadir 80000, Morocco",,,new,2026-06-27T21:58:50.295198+00:00
Institution Aboulmajd,212528239095,,,4.7,"CC8X+G8M, Av. Ahmed Al Mansour Dahbi, Agadir 80000, Morocco",,,new,2026-06-27T21:58:50.466512+00:00
Ecole Paul Signac Privée,212528212020,,https://ecolemaroc.com/ecole-privee-paul-signac/,0,"80000, Agadir 80000, Morocco",,,new,2026-06-27T21:58:50.557681+00:00
L’Université Privée de la Santé et des Sciences d’Agadir UPSSA,212666548626,,http://upssa.ac.ma/,4,"Agadir 80000, Morocco",,,new,2026-06-27T21:58:50.651619+00:00
School Maria Middle School High School,212528843436,,,0,"Lot 241،, Quartier illigh, Agadir 80000, Morocco",,,new,2026-06-27T21:58:50.740467+00:00
Institution Al Imam Al Kastalani Al Farha,212528229052,,https://www.iik.ma/,0,"Cité AL FARHA IHCHACH – AGADIR B.P.1271, Agadir 80070, Morocco",,,new,2026-06-27T21:58:50.990698+00:00
British Bright College,,,,5,"CC7H+RWH, Ave Abderrahim Bouabid, Agadir 80000, Morocco",,,new,2026-06-27T21:58:51.306163+00:00
Labib Academie Prive Agadir,212706059952,,https://labib.academy/,4.9,"Av Tetouan, 1er Etage, N24, Agadir 80000, Morocco",,,new,2026-06-27T21:59:05.606855+00:00
Groupe scolaire MIRAI,212528225353,,,0,"CC7G+37H, Agadir 80000, Morocco",,,new,2026-06-27T21:59:06.561310+00:00
Abigate school,212528236293,,,0,"FA 37 Bloc 19, Agadir 80000, Morocco",,,new,2026-06-27T21:59:23.914624+00:00
Smart School,212528231611,,https://m.facebook.com/SmartSchoolGS/,0,"École, Agadir 80080, Morocco",,,new,2026-06-27T21:59:24.095356+00:00
École privée MIMOSANA,212528222156,,,0,"CF24+Q46, Agadir 80000, Morocco",,,new,2026-06-27T21:59:24.176997+00:00
Center Tutoring Al Batwar,212660984915,,https://www.soutien-scolaire-agadir.ma/,5,"16 Rue de Fes, Agadir 80020, Morocco",,,new,2026-06-27T21:59:24.268626+00:00
Ayour School Privee Agadir,212528226620,,,0,"25,Rue Alikhlas,Lot 381 Hay, Agadir 80000, Morocco",,,new,2026-06-27T21:59:24.519690+00:00
Mounib Private School,,,,0,"Ecole Privée Mounib, Agadir 80000, Morocco",,,new,2026-06-27T21:59:24.615346+00:00
Institution Anass Al Qods - مؤسسة أنس القدس الخصوصية,212528214192,,,0,"N°76 Bloc A2 Cité Al Qods Dakhla, Agadir 80000, Morocco",,,new,2026-06-27T21:59:24.709384+00:00
مدرسة أمالي الخاصة,,,,0,"أنزا العليا،، F957+R2W, Agadir 80000, Morocco",,,new,2026-06-27T21:59:24.881777+00:00
Institution Al Inbiaat Private,212528227579,,http://www.inbiaat.com/,0,"Cité AlQods, Rue Isli, Agadir 80000, Morocco",,,new,2026-06-27T21:59:24.967653+00:00
École Intégrale,212614340315,,https://www.facebook.com/ecoleintegraleagadir/,0,"Agadir 80000, Morocco",,,new,2026-06-27T21:59:25.050726+00:00
"Private School Maria Taddart : Crèche, Poussins, Maternelle",212528826158,,http://ecolemaria.com/,4.8,"Taddart II Villa، Agadir 80000, Morocco",,,new,2026-06-27T22:00:03.163431+00:00
École Maria Privée,212528826326,,http://ecolemaria.com/,0,"Illigh Lot 463، Agadir 80000, Morocco",,,new,2026-06-27T22:00:03.238497+00:00
School Les Arcs Private,212528321196,,,4.5,"CF36+5MC, Agadir 80000, Morocco",,,new,2026-06-27T22:00:03.314140+00:00
School Chahine Privé مؤسسة شاهين,,,https://ecole.center/wp/ecole-privee-chahine/,0,"CCF8+F27, Agadir 80000, Morocco",,,new,2026-06-27T22:00:03.392789+00:00
Ecole Al Hanane Agadir,212528226700,,http://www.alhanane1.com/,0,"Institution Al Hanane 1 privée, ANnoir Souss, Agadir 80000, Morocco",,,new,2026-06-27T22:00:03.480506+00:00
School Group Le Defi,212528214384,,,0,"Cité administrative, barreau Est Ouest derrière, Appeal Court of Agadir, Agadir 80000, Morocco",,,new,2026-06-27T22:00:03.560429+00:00
École Azzahrae Privée,212528321880,,https://institutionazahrae.com/,0,"9CWX+5PJ, Agadir 80000, Morocco",,,new,2026-06-27T22:00:03.638398+00:00
Cned Agadir Excellentia Academy,212607565743,,https://excellentiacademy.com/,4.8,"N°2 Rue 443, Agadir 80000, Morocco",,,new,2026-06-27T22:00:03.715914+00:00
Institution Les Iris,212528320909,,,4.2,"passage n°2, N°26, Agadir 80070, Morocco",,,new,2026-06-27T22:00:03.799334+00:00
École Fikri privé,212528230016,,https://ecole.center/wp/ecole-fikri-prive/,0,"Agadir 80000, Morocco",,,new,2026-06-27T22:00:03.892483+00:00
French School Of Agadir,212528234948,,http://www.lyceefrancaisagadir.org/,0,"Quartier Founty-Bensergao - Poste principale d'Agadir - BP 183, 80 000, Agadir 80000, Morocco",,,new,2026-06-27T22:00:03.969691+00:00
Private High School Alqalam Ii,212528234323,,http://www.alqalam.ma/,0,"Cité Dakhla Barreau Est-Ouest, Agadir 80000, Morocco",,,new,2026-06-27T22:00:04.054220+00:00
Institution Abadila Najah,212528229830,,,0,"CCHG+VG2, Rue 448, Agadir 80000, Morocco",,,new,2026-06-27T22:00:04.131648+00:00
École Intégrale,212614340315,,https://www.facebook.com/ecoleintegraleagadir/,0,"Agadir 80000, Morocco",,,new,2026-06-27T22:00:04.259297+00:00
School Gauthier,212528211761,,http://www.ecolegauthier.com/,0,"Lot O42, Quartier Sonaba، Agadir 80000, Morocco",,,new,2026-06-27T22:00:04.329001+00:00
School Annour Private,212528228724,,,0,"École Enour privé, Agadir 80000, Morocco",,,new,2026-06-27T22:00:04.406555+00:00
Ibtissam Najah School Private,212528233624,,https://ecole.center/wp/ecole-privee-ibtissam-najah/,0,"CCHH+88G, Agadir 80000, Morocco",,,new,2026-06-27T22:00:04.493030+00:00
École privée MIMOSANA,212528222156,,,0,"CF24+Q46, Agadir 80000, Morocco",,,new,2026-06-27T22:00:04.577314+00:00
Institution Anna Privée,212808593401,,,3.5,"rue 823, angle AV abderrahmane alhoudaygui et, Av. Omar Al Mokhtar, Agadir 80000, Morocco",,,new,2026-06-27T22:00:04.655769+00:00
Founty Institution - Alexandre Poushkine,212528234971,,https://m.facebook.com/pages/category/School/Institution-Founty-1779696735597958/?locale2=fr_FR,0,"80000, Agadir 80000, Morocco",,,new,2026-06-27T22:00:04.751260+00:00
"Private School Maria Taddart : Crèche, Poussins, Maternelle",212528826158,,http://ecolemaria.com/,4.8,"Taddart II Villa، Agadir 80000, Morocco",,,new,2026-06-27T22:00:13.299578+00:00
École Maria Privée,212528826326,,http://ecolemaria.com/,0,"Illigh Lot 463، Agadir 80000, Morocco",,,new,2026-06-27T22:00:13.383298+00:00
Ecole Al Hanane Agadir,212528226700,,http://www.alhanane1.com/,0,"Institution Al Hanane 1 privée, ANnoir Souss, Agadir 80000, Morocco",,,new,2026-06-27T22:00:13.463798+00:00
School Chahine Privé مؤسسة شاهين,,,https://ecole.center/wp/ecole-privee-chahine/,0,"CCF8+F27, Agadir 80000, Morocco",,,new,2026-06-27T22:00:13.541042+00:00
School Les Arcs Private,212528321196,,,4.5,"CF36+5MC, Agadir 80000, Morocco",,,new,2026-06-27T22:00:13.615412+00:00
Cned Agadir Excellentia Academy,212607565743,,https://excellentiacademy.com/,4.8,"N°2 Rue 443, Agadir 80000, Morocco",,,new,2026-06-27T22:00:13.697680+00:00
School Group Le Defi,212528214384,,,0,"Cité administrative, barreau Est Ouest derrière, Appeal Court of Agadir, Agadir 80000, Morocco",,,new,2026-06-27T22:00:13.782955+00:00
Institution Les Iris,212528320909,,,4.2,"passage n°2, N°26, Agadir 80070, Morocco",,,new,2026-06-27T22:00:13.868783+00:00
School Gauthier,212528211761,,http://www.ecolegauthier.com/,0,"Lot O42, Quartier Sonaba، Agadir 80000, Morocco",,,new,2026-06-27T22:00:13.949821+00:00
School Annour Private,212528228724,,,0,"École Enour privé, Agadir 80000, Morocco",,,new,2026-06-27T22:00:14.029943+00:00
École Azzahrae Privée,212528321880,,https://institutionazahrae.com/,0,"9CWX+5PJ, Agadir 80000, Morocco",,,new,2026-06-27T22:00:14.103297+00:00
School Jil Espoir,212528223473,,https://ecolejilespoir.com/,0,"Av. Settat lot 5718 Hay MohammadI 80000, Agadir 80000, Morocco",,,new,2026-06-27T22:00:14.185941+00:00
Groupe Universitaire Prive des ecoles superieures ( GUES ),212661550930,,,3.1,"CCF5+FRJ, Ave du 29 Fevrier, Agadir 80000, Morocco",,,new,2026-06-27T22:00:14.260937+00:00
Ibtissam Najah School Private,212528233624,,https://ecole.center/wp/ecole-privee-ibtissam-najah/,0,"CCHH+88G, Agadir 80000, Morocco",,,new,2026-06-27T22:00:14.339354+00:00
École Primaire Al Hassania,212528842754,,,0,"CC75+7FF, Agadir 80000, Morocco",,,new,2026-06-27T22:00:14.426659+00:00
Groupe Scolaire Denis Diderot,212528211333,,https://www.gsd-diderot.com/,0,"Avenue Errachidia n° 2، Agadir 80000, Morocco",,,new,2026-06-27T22:00:14.504072+00:00
École Fikri privé,212528230016,,https://ecole.center/wp/ecole-fikri-prive/,0,"Agadir 80000, Morocco",,,new,2026-06-27T22:00:14.579596+00:00
Ayour School Privee Agadir,212528226620,,,0,"25,Rue Alikhlas,Lot 381 Hay, Agadir 80000, Morocco",,,new,2026-06-27T22:00:14.652846+00:00
Institution Anna Privée,212808593401,,,3.5,"rue 823, angle AV abderrahmane alhoudaygui et, Av. Omar Al Mokhtar, Agadir 80000, Morocco",,,new,2026-06-27T22:00:14.727200+00:00
Institution Abadila Najah,212528229830,,,0,"CCHG+VG2, Rue 448, Agadir 80000, Morocco",,,new,2026-06-27T22:00:14.801776+00:00
Les P'tits Grands,212691090501,,,4.7,"33°, Taddart 2, Rue Al-Balsame, Agadir 80000, Morocco",,,new,2026-06-27T22:00:25.464799+00:00
"Private School Maria Taddart : Crèche, Poussins, Maternelle",212528826158,,http://ecolemaria.com/,4.8,"Taddart II Villa، Agadir 80000, Morocco",,,new,2026-06-27T22:00:25.549318+00:00
Lile.deveil.creche.maternelle,212661838091,,,4.7,"Agadir 80000, Morocco",,,new,2026-06-27T22:00:25.637225+00:00
Nursery Mother Van Gogh,212681570300,,,5,"Rue El Mariniyne, Agadir 80000, Morocco",,,new,2026-06-27T22:00:25.745988+00:00
Crèche et garderie Happy Daycare,212641134080,,,4.6,"Rue 420, Agadir 80000, Morocco",,,new,2026-06-27T22:00:25.833009+00:00
Nursery And Maternal Kids House,212619792106,,,4.8,"Salam Tarik Alkhair 1, Agadir 80070, Morocco",,,new,2026-06-27T22:00:25.916710+00:00
School Jocelyne Private,212528844612,,,4.2,"CCC7+X96, Agadir 80000, Morocco",,,new,2026-06-27T22:00:25.994639+00:00
Nursery Gardenia Agadir,212688030149,,http://instagram.com/,4.6,"9CRV+PP7, Agadir 80000, Morocco",,,new,2026-06-27T22:00:26.102265+00:00
Creche Garderie Taddart,212528822750,,https://www.facebook.com/crechegarderie.taddart,4.2,"113، Résidence Taddart, Agadir 80000, Morocco",,,new,2026-06-27T22:00:26.198034+00:00
First Steps,212614844212,,,5,"El Farabi 1, Villa 60, Agadir 80000, Morocco",,,new,2026-06-27T22:00:26.276018+00:00
Crèche Salam,212666509876,,,5,"9FW3+F64, Agadir 80000, Morocco",,,new,2026-06-27T22:00:26.358282+00:00
School Rayon De Soleil,212661689503,,http://www.rdsagadir.com/,5,"464, quartier, Illigh, Agadir 80030, Morocco",,,new,2026-06-27T22:00:26.448425+00:00
School Nid Douillet,212668786368,,http://www.ecoleniddouillet.com/,5,"N 45, Tilila Extension, Agadir 80000, Morocco",,,new,2026-06-27T22:00:26.540176+00:00
Sarah Maternelle,212650839921,,,5,"GH7 Imm 141 Essada II, Agadir 80000, Morocco",,,new,2026-06-27T22:00:26.633241+00:00
Crèche Alanamil,212670446877,,,3.7,"CCF8+WG3, Agadir 80000, Morocco",,,new,2026-06-27T22:00:26.733544+00:00
School Les Arcs Private,212528321196,,,4.5,"CF36+5MC, Agadir 80000, Morocco",,,new,2026-06-27T22:00:26.830765+00:00
Cned Agadir Excellentia Academy,212607565743,,https://excellentiacademy.com/,4.8,"N°2 Rue 443, Agadir 80000, Morocco",,,new,2026-06-27T22:00:26.909313+00:00
MIKADO Ecole maternelle & jardin d'enfants,212766100248,,https://mikadoschool.ma/,4.4,"Doha Face clinique lumière des yeux, Résidence Essaada, Agadir 80000, Morocco",,,new,2026-06-27T22:00:26.995134+00:00
Nursery Mother Les Étoiles Du South Private,212528226992,,https://www.lesetoilesdusud.ma/,4.2,"1, résidence najah, Agadir 80000, Morocco",,,new,2026-06-27T22:00:27.088653+00:00
Le Petit Nid Nursery Mother,212528292200,,,5,"Rue Al Farabi, Bloc E9 Rue 709, Agadir 80060, Morocco",,,new,2026-06-27T22:00:27.230266+00:00
